<?xml version="1.0" encoding="UTF-8"?>
<project-private xmlns="http://www.netbeans.org/ns/project-private/1">
    <editor-bookmarks xmlns="http://www.netbeans.org/ns/editor-bookmarks/2" lastBookmarkId="0"/>
    <open-files xmlns="http://www.netbeans.org/ns/projectui-open-files/2">
        <group>
            <file>file:/C:/Users/Mireya-Chusto/Desktop/Reloj_v3/src/mx/uaemex/main/Reloj_v3.java</file>
            <file>file:/C:/Users/Mireya-Chusto/Desktop/Reloj_v3/src/mx/uaemex/gui/Reloj_GUI.java</file>
        </group>
    </open-files>
</project-private>
